{
"tp.fail.rate":"TPA速度过快！！",
"tp.fail.inreq":"一个TPA正在进行",
"tp.fail.blocked":"对方屏蔽了TPA请求",
"tp.name.required":"需要指定目标",

"home.is.full":"达到Home设置上限！",

"home.not.found":"找不到传送点！",

"tpa.req.A_B":" 发起了一个传送到你的请求,使用/tpa ac接受,/tpa de拒绝",
"tpa.req.B_A":" 发起了一个传送到他的请求,使用/tpa ac接受,/tpa de拒绝",

"tpa.reason.deny":"TPA请求被拒绝",
"tpa.reason.timeout":"TPA请求因超时自动取消",
"tpa.reason.accept":"TPA请求已经被接受",

"tpa.back.use":"可以使用/back返回上一个死亡点！",

"tpa.form":"{\"type\":\"form\",\"title\":\"TPA 请求\",\"content\":\"%s\",\"buttons\":[{\"text\":\"接 受\"},{\"text\":\"拒 绝\"}]}",

"home.near.others.land":"你的家距离别人领地太近！"
}
